{"num_plastics": {"25": 10.0, "50": 12.0, "75": 15.0, "90": 17.0}, "avg_size": {"25": 1359.4383850097656, "50": 1580.6481323242188, "75": 1864.9790954589844, "90": 2203.340380859375}, "avg_aspect_ratio": {"25": 1.371963918209076, "50": 1.4700604677200317, "75": 1.7003874480724335, "90": 1.99736248254776}}